{"cameraMode":{"drawMode":0,"name":"Shaded","section":"Shading Mode"},"sceneLighting":false,"audioPlay":false,"sceneViewState":{"m_AlwaysRefresh":false,"showFog":true,"showSkybox":false,"showFlares":true,"showImageEffects":true,"showParticleSystems":true,"showVisualEffectGraphs":true,"m_FxEnabled":true},"in2DMode":false,"pivot":{"x":298.402099609375,"y":266.2010192871094,"z":-708.0510864257813},"rotation":{"x":-0.06143832951784134,"y":0.027241455391049386,"z":-0.0016774659743532539,"w":-0.9977380037307739},"size":10.135687828063965,"orthographic":false}